statement ok
CREATE TABLE t1 ( ID INT PRIMARY KEY, A TIMESTAMP(6) WITH TIME ZONE )

statement ok
INSERT INTO t1(id,A) VALUES (1,'2025-01-05 15:12:55.123456+09:30')

query II
SELECT * FROM t1
----
1 2025-01-05 05:42:55.123456

statement ok
INSERT INTO t1(id,A) VALUES (2,'2025-01-06 15:12:55.123+09:30')

query II
SELECT * FROM t1
----
1 2025-01-05 05:42:55.123456
2 2025-01-06 05:42:55.123

statement ok
INSERT INTO t1(id,A) VALUES (3,'2025-01-07 15:12:55.123456789+09:30')

statement ok
INSERT INTO t1(id,A) VALUES (4,'2025-01-07 15:12:55.123456')

query II
SELECT * FROM t1
----
1 2025-01-05 05:42:55.123456
2 2025-01-06 05:42:55.123
3 2025-01-07 05:42:55.123456
4 2025-01-07 15:12:55.123456

statement ok
DROP TABLE t1

query I
SELECT CAST(TIMESTAMP '2025-01-05 05:42:55' AS VARCHAR(50))
----
2025-01-05 05:42:55

query I
SELECT CAST(TIMESTAMP WITH TIME ZONE '2025-01-05 05:42:55+04:00' AS VARCHAR(50))
----
2025-01-05 01:42:55

query I
SELECT CAST(TIMESTAMP(6) WITH TIME ZONE '2025-01-05 05:42:55.154814+04:00' AS VARCHAR(50))
----
2025-01-05 01:42:55.154814

query I
SELECT CAST(TIMESTAMP(6) WITH TIME ZONE '2025-01-05 05:42:55.154814+04:00' AS TIME)
----
01:42:55

query I
SELECT CAST(TIMESTAMP(6) WITH TIME ZONE '2025-01-05 05:42:55.154814+04:00' AS TIME(3))
----
01:42:55.154

query I
SELECT CAST(TIMESTAMP(6) WITH TIME ZONE '2025-01-05 05:42:55.154814+04:00' AS DATE)
----
2025-01-05

query I
SELECT CAST(TIMESTAMP(6) WITH TIME ZONE '2025-01-05 05:42:55.154814+04:00' AS DATETIME)
----
2025-01-05 01:42:55

statement ok
CREATE TABLE t2 ( ID INT PRIMARY KEY, A TIMESTAMP )

statement ok
INSERT INTO t2(id,A) VALUES (1,'2025-01-05 15:12:55')

query II
SELECT * FROM t2
----
1 2025-01-05 15:12:55

statement ok
DROP TABLE t2
